{"STATUS":[{"STATUS":"S","When":1775392713,"Code":11,"Msg":"Summary","Description":"cgminer 4.11.1"}],"SUMMARY":[{"Elapsed":12961,"MHS av":6347295.07,"MHS 5s":7102024.09,"MHS 1m":6837807.88,"MHS 5m":6840341.50,"MHS 15m":6623443.02,"Found Blocks":0,"Getworks":1041,"Accepted":2567,"Rejected":1,"Hardware Errors":0,"Utility":11.88,"Discarded":0,"Stale":27,"Get Failures":1,"Local Work":9625,"Remote Failures":0,"Network Blocks":27,"Total MH":82265459736.0000,"Work Utility":88708.61,"Difficulty Accepted":18912256.00000000,"Difficulty Rejected":8192.00000000,"Difficulty Stale":155648.00000000,"Best Share":111181383,"Device Hardware%":0.0000,"Device Rejected%":0.0428,"Pool Rejected%":0.0429,"Pool Stale%":0.8159,"Last getwork":0}],"id":1}