{"STATUS":[{"STATUS":"S","When":1775395692,"Code":70,"Msg":"CGMiner stats","Description":"cgminer 4.11.1"}],"STATS":[{"STATS":0,"ID":"AVALON0","Elapsed":15940,"Calls":0,"Wait":0.000000,"Max":0.000000,"Min":99999999.000000,"MM ID0":"Ver[Nano3s-25021401_56abae7] LVer[25021401_56abae7] BVer[25021401_56abae7] FW[Release] LED[0-0] LEDUser[0-100-50-0-0-255] LcdOnoff[1] LcdSwitch[2] DNA[02010000dc04db98] MEMFREE[62908] PFCnt[1] NETFAIL[1775383168 1775383169 0 0 0 0 0 0] SYSTEMSTATU[Work: In Work, Hash Board: 1] Elapsed[15954] BOOTBY[0x01.00000000] LW[12378547] MH[0] DHW[4] HW[0] DH[2.130%] ITemp[-273] OTemp[58] TMax[96] TAvg[90] TarT[90] Fan1[1720] FanR[36%] PS[0 0 27697 4 0 3678 132] GHSspd[6423.03] DHspd[2.130%] GHSmm[6580.20] GHSavg[6372.55] WU[89023.45] Freq[450.95] MGHS[6372.55] MTmax[96] MTavg[90] TA[12] Core[A3197S] BIN[0] PING[71] SoftOFF[0] ECHU[0] ECMM[0] PLL0[365 341 755 363] SF0[420 438 459 480] PVT_T0[ 86  92  93  89  94  90  85  83  94  96  92  85] PVT_V0[297 291 296 289 291 295 296 292 285 286 290 295] MW0[468 540 480 488 506 465 502 485 477 450 532 488] CRC[0] COMCRC[0] ATA2[133-90-3704-420-20] WORKMODE[2] WORKLEVEL[0] MPO[133] CALIALL[7] ADJ[1]","MM Count":1,"Nonce Mask":25},{"STATS":1,"ID":"POOL0","Elapsed":15940,"Calls":0,"Wait":0.000000,"Max":0.000000,"Min":99999999.000000,"Pool Calls":0,"Pool Attempts":0,"Pool Wait":0.000000,"Pool Max":0.000000,"Pool Min":99999999.000000,"Pool Av":0.000000,"Work Had Roll Time":false,"Work Can Roll":false,"Work Had Expire":false,"Work Roll Time":0,"Work Diff":8192.00000000,"Min Diff":2048.00000000,"Max Diff":8192.00000000,"Min Diff Count":1,"Max Diff Count":44,"Times Sent":3107,"Bytes Sent":403527,"Times Recv":4173,"Bytes Recv":1374105,"Net Bytes Sent":403527,"Net Bytes Recv":1374105},{"STATS":2,"ID":"POOL1","Elapsed":15940,"Calls":0,"Wait":0.000000,"Max":0.000000,"Min":99999999.000000,"Pool Calls":0,"Pool Attempts":0,"Pool Wait":0.000000,"Pool Max":0.000000,"Pool Min":99999999.000000,"Pool Av":0.000000,"Work Had Roll Time":false,"Work Can Roll":false,"Work Had Expire":false,"Work Roll Time":0,"Work Diff":8192.00000000,"Min Diff":8192.00000000,"Max Diff":8192.00000000,"Min Diff Count":3,"Max Diff Count":3,"Times Sent":6,"Bytes Sent":529,"Times Recv":27,"Bytes Recv":24942,"Net Bytes Sent":529,"Net Bytes Recv":24942},{"STATS":3,"ID":"POOL2","Elapsed":15940,"Calls":0,"Wait":0.000000,"Max":0.000000,"Min":99999999.000000,"Pool Calls":0,"Pool Attempts":0,"Pool Wait":0.000000,"Pool Max":0.000000,"Pool Min":99999999.000000,"Pool Av":0.000000,"Work Had Roll Time":false,"Work Can Roll":false,"Work Had Expire":false,"Work Roll Time":0,"Work Diff":8192.00000000,"Min Diff":8192.00000000,"Max Diff":8192.00000000,"Min Diff Count":3,"Max Diff Count":3,"Times Sent":25,"Bytes Sent":2941,"Times Recv":45,"Bytes Recv":24151,"Net Bytes Sent":2941,"Net Bytes Recv":24151}],"id":1}

