{"STATUS":[{"STATUS":"S","When":1775395680,"Code":9,"Msg":"1 ASC(s)","Description":"cgminer 4.11.1"}],"DEVS":[{"ASC":0,"Name":"AVALON","ID":0,"Enabled":"Y","Status":"Alive","Temperature":0.00,"MHS av":6405899.51,"MHS 5s":8053873.00,"MHS 1m":7483370.94,"MHS 5m":6759428.21,"MHS 15m":6564493.62,"Accepted":3098,"Rejected":1,"Hardware Errors":0,"Utility":11.73,"Last Share Pool":0,"Last Share Time":1775395679,"Total MH":101511311220.0000,"Diff1 Work":23643136,"Difficulty Accepted":23262208.00000000,"Difficulty Rejected":8192.00000000,"Last Share Difficulty":8192.00000000,"Last Valid Work":1775395679,"Device Hardware%":0.0000,"Device Rejected%":0.0346,"Device Elapsed":15847}],"id":1}

