{"summary":[{"STATUS":[{"STATUS":"S","When":1775406199,"Code":11,"Msg":"Summary","Description":"cgminer 4.11.1"}],"SUMMARY":[{"Elapsed":393,"MHS av":5443897.45,"MHS 5s":8263805.05,"MHS 1m":6014462.54,"MHS 5m":4131736.94,"MHS 15m":1954658.75,"Found Blocks":0,"Getworks":50,"Accepted":188,"Rejected":0,"Hardware Errors":0,"Utility":28.67,"Discarded":0,"Stale":4,"Get Failures":0,"Local Work":401,"Remote Failures":0,"Network Blocks":1,"Total MH":2141848609.0000,"Work Utility":76050.37,"Difficulty Accepted":494592.00000000,"Difficulty Rejected":0.00000000,"Difficulty Stale":0.00000000,"Best Share":909757,"Device Hardware%":0.0000,"Device Rejected%":0.0000,"Pool Rejected%":0.0000,"Pool Stale%":0.0000,"Last getwork":0}],"id":1}],"version":[{"STATUS":[{"STATUS":"S","When":1775406199,"Code":22,"Msg":"CGMiner versions","Description":"cgminer 4.11.1"}],"VERSION":[{"CGMiner":"4.11.1","API":"3.7","PROD":"Avalon Nano3s","MODEL":"Nano3s","HWTYPE":"N_MM1v1_X1","SWTYPE":"MM319","LVERSION":"25021401_56abae7","BVERSION":"25021401_56abae7","CGVERSION":"25021401_56abae7","DNA":"02010000dc04db98","MAC":"e0e1a93ef5a5","UPAPI":"2"}],"id":1}],"stats":[{"STATUS":[{"STATUS":"S","When":1775406199,"Code":70,"Msg":"CGMiner stats","Description":"cgminer 4.11.1"}],"STATS":[{"STATS":0,"ID":"AVALON0","Elapsed":393,"Calls":0,"Wait":0.000000,"Max":0.000000,"Min":99999999.000000,"MM ID0":"Ver[Nano3s-25021401_56abae7] LVer[25021401_56abae7] BVer[25021401_56abae7] FW[Release] LED[0-0] LEDUser[0-100-50-0-0-255] LcdOnoff[1] LcdSwitch[2] DNA[02010000dc04db98] MEMFREE[64064] PFCnt[0] NETFAIL[0 0 0 0 0 0 0 0] SYSTEMSTATU[Work: In Work, Hash Board: 1] Elapsed[407] BOOTBY[0x01.00000000] LW[280814] MH[0] DHW[0] HW[0] DH[2.145%] ITemp[-273] OTemp[58] TMax[95] TAvg[89] TarT[90] Fan1[1740] FanR[37%] PS[0 0 27687 4 0 3678 131] GHSspd[6418.28] DHspd[2.145%] GHSmm[6578.42] GHSavg[5412.21] WU[75607.66] Freq[450.82] MGHS[5412.21] MTmax[96] MTavg[90] TA[12] Core[A3197S] BIN[0] PING[43] SoftOFF[0] ECHU[0] ECMM[0] PLL0[371 357 762 334] SF0[420 438 459 480] PVT_T0[ 84  91  93  89  93  89  85  83  94  96  91  85] PVT_V0[295 291 296 289 291 295 296 292 285 287 291 296] MW0[14 17 15 18 18 15 17 17 16 26 19 7] CRC[0] COMCRC[0] ATA2[133-90-3704-420-20] WORKMODE[2] WORKLEVEL[0] MPO[133] CALIALL[7] ADJ[1]","MM Count":1,"Nonce Mask":25},{"STATS":1,"ID":"POOL0","Elapsed":393,"Calls":0,"Wait":0.000000,"Max":0.000000,"Min":99999999.000000,"Pool Calls":0,"Pool Attempts":0,"Pool Wait":0.000000,"Pool Max":0.000000,"Pool Min":99999999.000000,"Pool Av":0.000000,"Work Had Roll Time":false,"Work Can Roll":false,"Work Had Expire":false,"Work Roll Time":0,"Work Diff":8192.00000000,"Min Diff":8192.00000000,"Max Diff":8192.00000000,"Min Diff Count":1,"Max Diff Count":1,"Times Sent":154,"Bytes Sent":19537,"Times Recv":192,"Bytes Recv":58393,"Net Bytes Sent":19537,"Net Bytes Recv":58393},{"STATS":2,"ID":"POOL1","Elapsed":393,"Calls":0,"Wait":0.000000,"Max":0.000000,"Min":99999999.000000,"Pool Calls":0,"Pool Attempts":0,"Pool Wait":0.000000,"Pool Max":0.000000,"Pool Min":99999999.000000,"Pool Av":0.000000,"Work Had Roll Time":false,"Work Can Roll":false,"Work Had Expire":false,"Work Roll Time":0,"Work Diff":8192.00000000,"Min Diff":8192.00000000,"Max Diff":8192.00000000,"Min Diff Count":1,"Max Diff Count":1,"Times Sent":3,"Bytes Sent":259,"Times Recv":18,"Bytes Recv":18888,"Net Bytes Sent":259,"Net Bytes Recv":18888},{"STATS":3,"ID":"POOL2","Elapsed":393,"Calls":0,"Wait":0.000000,"Max":0.000000,"Min":99999999.000000,"Pool Calls":0,"Pool Attempts":0,"Pool Wait":0.000000,"Pool Max":0.000000,"Pool Min":99999999.000000,"Pool Av":0.000000,"Work Had Roll Time":false,"Work Can Roll":false,"Work Had Expire":false,"Work Roll Time":0,"Work Diff":8192.00000000,"Min Diff":8192.00000000,"Max Diff":8192.00000000,"Min Diff Count":1,"Max Diff Count":1,"Times Sent":40,"Bytes Sent":4957,"Times Recv":47,"Bytes Recv":10975,"Net Bytes Sent":4957,"Net Bytes Recv":10975}],"id":1}],"id":1}