{"summary":[{"STATUS":[{"STATUS":"S","When":1775384812,"Code":11,"Msg":"Summary","Description":"cgminer 4.11.1"}],"SUMMARY":[{"Elapsed":5057,"MHS av":6109541.41,"MHS 5s":7169834.18,"MHS 1m":5974946.24,"MHS 5m":6246700.35,"MHS 15m":6206201.14,"Found Blocks":0,"Getworks":483,"Accepted":1090,"Rejected":0,"Hardware Errors":0,"Utility":12.93,"Discarded":0,"Stale":27,"Get Failures":1,"Local Work":3749,"Remote Failures":0,"Network Blocks":10,"Total MH":30896276616.0000,"Work Utility":85349.31,"Difficulty Accepted":7156736.00000000,"Difficulty Rejected":0.00000000,"Difficulty Stale":155648.00000000,"Best Share":30966194,"Device Hardware%":0.0000,"Device Rejected%":0.0000,"Pool Rejected%":0.0000,"Pool Stale%":2.1286,"Last getwork":0}],"id":1}],"coin":[{"STATUS":[{"STATUS":"S","When":1775384812,"Code":78,"Msg":"CGMiner coin","Description":"cgminer 4.11.1"}],"COIN":[{"Hash Method":"sha256","Current Block Time":4390.619515,"Current Block Hash":"00000000000000000064eb442df0eee12788ffb58f1d3f25ee8b7e13773b2a7e","LP":true,"Network Difficulty":896939037620.74487305}],"id":1}],"id":1}